activity_id,date,garmin_type,session_type,interval_number,distance_km,pace_min_km,avg_hr,avg_power,gct_ms,gct_balance_left_pct,cadence_spm,stride_cm,vert_osc_mm
24618199066,2026-10-06,running,steady,1,1,4.99,132.0,336.0,241.2,49.9,0,,
24618199066,2026-10-06,running,steady,2,2,5.37,144.0,318.0,243.3,50.0,0,,
24618199066,2026-10-06,running,steady,3,3,5.58,143.0,308.0,244.1,50.0,0,,
24618199066,2026-10-06,running,steady,4,4,5.69,144.0,305.0,245.3,49.9,0,,
24618199066,2026-10-06,running,steady,5,5,4.76,148.0,321.0,255.5,50.5,0,,
24607043710,2026-10-05,running,fartlek,1,1,5.17,130.0,318.0,242.6,49.8,0,,
24607043710,2026-10-05,running,fartlek,2,2,5.46,140.0,312.0,243.5,49.9,0,,
24607043710,2026-10-05,running,fartlek,3,3,5.48,142.0,303.0,244.3,50.0,0,,
24607043710,2026-10-05,running,fartlek,4,4,5.54,143.0,304.0,243.1,50.0,0,,
24607043710,2026-10-05,running,fartlek,5,5,5.62,144.0,307.0,243.1,50.0,0,,
24607043710,2026-10-05,running,fartlek,6,6,4.3,162.0,434.0,221.0,49.8,0,,
24583060585,2026-10-03,running,fartlek,1,1,5.22,131.0,319.0,242.7,50.1,0,,
24583060585,2026-10-03,running,fartlek,2,2,5.5,140.0,318.0,243.3,50.2,0,,
24583060585,2026-10-03,running,fartlek,3,3,5.58,143.0,317.0,244.3,50.0,0,,
24583060585,2026-10-03,running,fartlek,4,4,5.63,144.0,314.0,244.0,50.0,0,,
24583060585,2026-10-03,running,fartlek,5,5,5.73,145.0,314.0,243.3,49.7,0,,
24583060585,2026-10-03,running,fartlek,6,6,5.65,146.0,302.0,241.6,49.5,0,,
24583060585,2026-10-03,running,fartlek,7,7,5.68,148.0,304.0,240.8,49.5,0,,
24583060585,2026-10-03,running,fartlek,8,8,4.95,161.0,346.0,232.9,49.7,0,,
24583060585,2026-10-03,running,fartlek,9,9,4.79,168.0,363.0,232.1,49.7,0,,
24583060585,2026-10-03,running,fartlek,10,10,4.51,175.0,390.0,229.0,50.0,0,,
24583060585,2026-10-03,running,fartlek,11,11,3.17,179.0,443.0,217.5,50.4,0,,
24559171491,2026-10-01,running,interval,1,1,5.37,131.0,305.0,239.3,50.2,0,,
24559171491,2026-10-01,running,interval,2,2,5.62,142.0,297.0,241.6,50.2,0,,
24559171491,2026-10-01,running,interval,3,3,5.68,145.0,292.0,241.2,50.0,0,,
24559171491,2026-10-01,running,interval,4,4,5.73,147.0,288.0,241.1,49.9,0,,
24559171491,2026-10-01,running,interval,5,5,5.8,148.0,294.0,241.2,49.8,0,,
24559171491,2026-10-01,running,interval,6,6,5.77,149.0,288.0,239.5,49.7,0,,
24559171491,2026-10-01,running,interval,7,7,4.49,170.0,380.0,225.9,49.7,0,,
24559171491,2026-10-01,running,interval,8,8,3.4,178.0,395.0,227.5,50.1,0,,
24546415684,2026-09-30,running,fartlek,1,1,5.56,130.0,302.0,248.5,50.7,0,,
24546415684,2026-09-30,running,fartlek,2,2,5.63,137.0,302.0,246.3,50.6,0,,
24546415684,2026-09-30,running,fartlek,3,3,5.75,143.0,299.0,247.0,50.8,0,,
24546415684,2026-09-30,running,fartlek,4,4,5.77,144.0,295.0,247.1,50.8,0,,
24546415684,2026-09-30,running,fartlek,5,5,5.73,148.0,306.0,245.5,50.7,0,,
24546415684,2026-09-30,running,fartlek,6,6,3.98,162.0,437.0,213.4,49.8,0,,
24533585224,2026-09-29,running,fartlek,1,1,5.52,129.0,298.0,251.7,50.7,0,,
24533585224,2026-09-29,running,fartlek,2,2,5.79,134.0,296.0,250.3,50.7,0,,
24533585224,2026-09-29,running,fartlek,3,3,5.94,139.0,293.0,251.2,50.8,0,,
24533585224,2026-09-29,running,fartlek,4,4,4.52,140.0,333.0,236.2,50.5,0,,
24525150686,2026-09-28,treadmill_running,fartlek,1,1,4.98,153.0,334.0,243.8,50,0,,
24525150686,2026-09-28,treadmill_running,fartlek,2,2,4.15,173.0,396.0,234.9,50,0,,
24500126411,2026-09-26,running,fartlek,1,1,5.19,130.0,319.0,240.6,49.8,0,,
24500126411,2026-09-26,running,fartlek,2,2,5.67,143.0,316.0,246.3,50.3,0,,
24500126411,2026-09-26,running,fartlek,3,3,5.77,145.0,311.0,247.0,50.3,0,,
24500126411,2026-09-26,running,fartlek,4,4,5.83,144.0,304.0,247.9,50.2,0,,
24500126411,2026-09-26,running,fartlek,5,5,5.9,147.0,312.0,247.6,50.2,0,,
24500126411,2026-09-26,running,fartlek,6,6,4.21,158.0,457.0,218.3,49.6,0,,
24465791655,2026-09-23,running,hill,1,1,5.1,135.0,320.0,241.3,49.7,0,,
24465791655,2026-09-23,running,hill,2,2,5.74,145.0,317.0,251.1,50.5,0,,
24465791655,2026-09-23,running,hill,3,3,12.84,143.0,126.0,376.2,50.1,0,,
24465791655,2026-09-23,running,hill,4,4,4.6,159.0,452.0,232.1,49.6,0,,
24465791655,2026-09-23,running,hill,5,5,10.82,121.0,112.0,349.8,50.5,0,,
24465791655,2026-09-23,running,hill,6,6,4.28,159.0,490.0,220.7,48.6,0,,
24465791655,2026-09-23,running,hill,7,7,11.28,120.0,100.0,409.6,49.0,0,,
24465791655,2026-09-23,running,hill,8,8,4.04,161.0,514.0,204.3,47.3,0,,
24465791655,2026-09-23,running,hill,9,9,11.42,127.0,102.0,298.7,48.7,0,,
24465791655,2026-09-23,running,hill,10,10,3.97,163.0,520.0,212.3,48.0,0,,
24465791655,2026-09-23,running,hill,11,11,11.53,129.0,97.0,367.1,48.6,0,,
24465791655,2026-09-23,running,hill,12,12,3.99,164.0,510.0,208.3,47.8,0,,
24465791655,2026-09-23,running,hill,13,13,11.75,131.0,93.0,327.0,48.5,0,,
24465791655,2026-09-23,running,hill,14,14,3.95,164.0,515.0,211.5,48.0,0,,
24465791655,2026-09-23,running,hill,15,15,11.9,135.0,95.0,342.7,49.5,0,,
24465791655,2026-09-23,running,hill,16,16,3.97,164.0,509.0,217.3,48.0,0,,
24465791655,2026-09-23,running,hill,17,17,12.19,138.0,91.0,413.1,49.6,0,,
24465791655,2026-09-23,running,hill,18,18,3.75,168.0,523.0,203.9,47.2,0,,
24465791655,2026-09-23,running,hill,19,19,11.18,142.0,134.0,355.4,49.3,0,,
24465791655,2026-09-23,running,hill,20,20,10.28,130.0,165.0,295.1,50.8,0,,
24461293456,2026-09-23,running,steady,1,1,5.22,128.0,320.0,240.8,49.9,0,,
24461293456,2026-09-23,running,steady,2,2,5.47,143.0,315.0,244.7,50.7,0,,
24461293456,2026-09-23,running,steady,3,3,5.62,146.0,304.0,248.4,50.9,0,,
24461293456,2026-09-23,running,steady,4,4,4.84,159.0,372.0,235.3,50.2,0,,
24448031779,2026-09-22,running,fartlek,1,1,5.42,127.0,306.0,245.5,50.0,0,,
24448031779,2026-09-22,running,fartlek,2,2,5.66,138.0,307.0,247.8,50.3,0,,
24448031779,2026-09-22,running,fartlek,3,3,5.66,139.0,303.0,249.9,50.9,0,,
24448031779,2026-09-22,running,fartlek,4,4,5.7,141.0,299.0,249.1,50.8,0,,
24448031779,2026-09-22,running,fartlek,5,5,5.78,142.0,302.0,249.1,50.9,0,,
24448031779,2026-09-22,running,fartlek,6,6,4.5,144.0,294.0,250.5,51.5,0,,
24379873474,2026-09-16,running,steady,1,1,5.29,125.0,305.0,240.0,49.6,0,,
24379873474,2026-09-16,running,steady,2,2,5.65,134.0,317.0,244.3,50.2,0,,
24379873474,2026-09-16,running,steady,3,3,5.79,137.0,311.0,246.4,50.2,0,,
24379873474,2026-09-16,running,steady,4,4,5.78,139.0,309.0,243.6,50.1,0,,
24379873474,2026-09-16,running,steady,5,5,5.92,140.0,313.0,245.8,50.3,0,,
24379873474,2026-09-16,running,steady,6,6,5.86,139.0,299.0,245.3,50.1,0,,
24379873474,2026-09-16,running,steady,7,7,5.92,138.0,298.0,245.3,50.0,0,,
24379873474,2026-09-16,running,steady,8,8,5.89,139.0,307.0,244.7,49.7,0,,
24379873474,2026-09-16,running,steady,9,9,5.89,141.0,311.0,246.0,49.8,0,,
24379873474,2026-09-16,running,steady,10,10,5.92,141.0,306.0,246.0,49.9,0,,
24379873474,2026-09-16,running,steady,11,11,5.69,138.0,293.0,252.0,49.7,0,,
24366320209,2026-09-15,running,hill,1,1,5.15,124.0,306.0,243.9,50.3,0,,
24366320209,2026-09-15,running,hill,2,2,5.59,136.0,332.0,245.8,50.5,0,,
24366320209,2026-09-15,running,hill,3,3,5.68,138.0,315.0,246.4,50.5,0,,
24366320209,2026-09-15,running,hill,4,4,5.79,138.0,311.0,247.4,50.5,0,,
24366320209,2026-09-15,running,hill,5,5,5.82,139.0,312.0,246.0,50.5,0,,
24366320209,2026-09-15,running,hill,6,6,5.74,142.0,302.0,244.4,50.5,0,,
24366320209,2026-09-15,running,hill,7,7,5.77,142.0,303.0,244.9,50.3,0,,
24366320209,2026-09-15,running,hill,8,8,5.73,141.0,312.0,244.6,50.3,0,,
24366320209,2026-09-15,running,hill,9,9,4.25,142.0,331.0,252.5,50.1,0,,
24326255384,2026-09-12,running,fartlek,1,1,5.35,136.0,311.0,244.0,50.3,0,,
24326255384,2026-09-12,running,fartlek,2,2,5.62,137.0,307.0,248.1,50.2,0,,
24326255384,2026-09-12,running,fartlek,3,3,5.73,140.0,299.0,250.5,50.3,0,,
24326255384,2026-09-12,running,fartlek,4,4,5.75,142.0,298.0,250.4,50.3,0,,
24326255384,2026-09-12,running,fartlek,5,5,5.85,144.0,302.0,250.7,50.2,0,,
24326255384,2026-09-12,running,fartlek,6,6,5.86,145.0,297.0,250.4,50.1,0,,
24326255384,2026-09-12,running,fartlek,7,7,5.51,138.0,311.0,245.6,50.1,0,,
24326255384,2026-09-12,running,fartlek,8,8,5.64,142.0,309.0,244.3,50.0,0,,
24326255384,2026-09-12,running,fartlek,9,9,5.71,144.0,300.0,246.9,50.0,0,,
24326255384,2026-09-12,running,fartlek,10,10,5.7,141.0,300.0,249.5,50.2,0,,
24326255384,2026-09-12,running,fartlek,11,11,4.82,159.0,353.0,237.2,49.9,0,,
24326255384,2026-09-12,running,fartlek,12,12,4.79,164.0,355.0,238.1,49.5,0,,
24326255384,2026-09-12,running,fartlek,13,13,4.76,167.0,368.0,237.1,49.7,0,,
24326255384,2026-09-12,running,fartlek,14,14,4.76,167.0,355.0,235.9,49.5,0,,
24326255384,2026-09-12,running,fartlek,15,15,4.72,169.0,360.0,233.1,49.6,0,,
24326255384,2026-09-12,running,fartlek,16,16,4.73,169.0,358.0,231.5,49.6,0,,
24326255384,2026-09-12,running,fartlek,17,17,4.63,171.0,369.0,229.7,49.4,0,,
24326255384,2026-09-12,running,fartlek,18,18,4.66,171.0,362.0,231.3,49.8,0,,
24326255384,2026-09-12,running,fartlek,19,19,4.63,170.0,363.0,229.8,49.4,0,,
24326255384,2026-09-12,running,fartlek,20,20,4.61,172.0,373.0,231.3,49.7,0,,
24326255384,2026-09-12,running,fartlek,21,21,5.87,152.0,287.0,243.2,50.1,0,,
24326255384,2026-09-12,running,fartlek,22,22,5.83,149.0,288.0,242.0,50.1,0,,
24326255384,2026-09-12,running,fartlek,23,23,6.05,151.0,288.0,247.4,50.5,0,,
24326255384,2026-09-12,running,fartlek,24,24,5.66,149.0,258.0,251.7,50.7,0,,
24305800935,2026-09-10,running,steady,1,1,4.99,130.0,326.0,243.3,50.0,0,,
24305800935,2026-09-10,running,steady,2,2,5.42,138.0,336.0,245.2,50.3,0,,
24305800935,2026-09-10,running,steady,3,3,5.5,142.0,324.0,244.3,50.2,0,,
24305800935,2026-09-10,running,steady,4,4,5.64,142.0,317.0,242.8,50.2,0,,
24305800935,2026-09-10,running,steady,5,5,5.66,143.0,320.0,243.6,50.0,0,,
24305800935,2026-09-10,running,steady,6,6,5.65,143.0,306.0,243.8,49.9,0,,
24305800935,2026-09-10,running,steady,7,7,5.72,143.0,308.0,243.8,49.9,0,,
24305800935,2026-09-10,running,steady,8,8,5.74,144.0,311.0,244.7,50.0,0,,
24305800935,2026-09-10,running,steady,9,9,5.78,144.0,317.0,245.6,49.8,0,,
24305800935,2026-09-10,running,steady,10,10,5.82,144.0,307.0,246.4,49.9,0,,
24305800935,2026-09-10,running,steady,11,11,5.27,143.0,280.0,248.0,49.5,0,,
24280290270,2026-09-08,running,fartlek,1,1,4.95,129.0,328.0,240.5,49.7,0,,
24280290270,2026-09-08,running,fartlek,2,2,5.32,138.0,330.0,242.0,49.7,0,,
24280290270,2026-09-08,running,fartlek,3,3,5.39,142.0,324.0,242.4,49.8,0,,
24280290270,2026-09-08,running,fartlek,4,4,5.54,142.0,313.0,243.9,49.8,0,,
24280290270,2026-09-08,running,fartlek,5,5,5.62,142.0,316.0,244.8,49.9,0,,
24280290270,2026-09-08,running,fartlek,6,6,5.63,140.0,302.0,245.5,49.9,0,,
24280290270,2026-09-08,running,fartlek,7,7,5.58,141.0,309.0,243.7,49.8,0,,
24280290270,2026-09-08,running,fartlek,8,8,4.26,137.0,316.0,236.0,49.8,0,,
24276169027,2026-09-08,running,fartlek,1,1,5.05,133.0,336.0,240.9,50.0,0,,
24276169027,2026-09-08,running,fartlek,2,2,5.35,139.0,313.0,243.3,50.0,0,,
24276169027,2026-09-08,running,fartlek,3,3,5.38,142.0,323.0,243.0,50.2,0,,
24276169027,2026-09-08,running,fartlek,4,4,5.42,142.0,315.0,242.3,50.2,0,,
24276169027,2026-09-08,running,fartlek,5,5,5.49,143.0,315.0,242.9,50.1,0,,
24276169027,2026-09-08,running,fartlek,6,6,3.93,147.0,338.0,244.0,50.5,0,,
24240820875,2026-09-05,running,fartlek,1,1,5.21,130.0,346.0,238.9,49.8,0,,
24240820875,2026-09-05,running,fartlek,2,2,5.52,140.0,318.0,239.8,49.8,0,,
24240820875,2026-09-05,running,fartlek,3,3,5.64,141.0,314.0,241.9,49.7,0,,
24240820875,2026-09-05,running,fartlek,4,4,5.77,140.0,301.0,242.5,50.0,0,,
24240820875,2026-09-05,running,fartlek,5,5,5.76,143.0,311.0,242.4,49.8,0,,
24240820875,2026-09-05,running,fartlek,6,6,5.78,143.0,310.0,241.7,49.8,0,,
24240820875,2026-09-05,running,fartlek,7,7,5.71,144.0,311.0,241.4,49.8,0,,
24240820875,2026-09-05,running,fartlek,8,8,5.83,144.0,306.0,241.7,49.8,0,,
24240820875,2026-09-05,running,fartlek,9,9,4.18,146.0,273.0,254.5,50.4,0,,
24207213055,2026-09-02,running,fartlek,1,1,5.14,130.0,324.0,245.5,49.2,0,,
24207213055,2026-09-02,running,fartlek,2,2,5.58,137.0,326.0,243.8,49.8,0,,
24207213055,2026-09-02,running,fartlek,3,3,5.66,138.0,309.0,243.4,49.9,0,,
24207213055,2026-09-02,running,fartlek,4,4,5.7,138.0,306.0,244.0,49.7,0,,
24207213055,2026-09-02,running,fartlek,5,5,5.82,139.0,312.0,245.6,49.9,0,,
24207213055,2026-09-02,running,fartlek,6,6,5.6,142.0,311.0,244.2,49.5,0,,
24207213055,2026-09-02,running,fartlek,7,7,5.67,143.0,311.0,243.7,49.5,0,,
24207213055,2026-09-02,running,fartlek,8,8,5.66,135.0,311.0,246.0,49.7,0,,
24207213055,2026-09-02,running,fartlek,9,9,5.66,142.0,318.0,243.2,49.4,0,,
24207213055,2026-09-02,running,fartlek,10,10,5.65,143.0,315.0,243.3,49.4,0,,
24207213055,2026-09-02,running,fartlek,11,11,5.64,142.0,311.0,243.4,49.2,0,,
24207213055,2026-09-02,running,fartlek,12,12,5.65,143.0,314.0,243.6,49.3,0,,
24207213055,2026-09-02,running,fartlek,13,13,5.54,143.0,314.0,243.7,49.1,0,,
24207213055,2026-09-02,running,fartlek,14,14,5.56,142.0,311.0,242.9,49.1,0,,
24207213055,2026-09-02,running,fartlek,15,15,5.6,143.0,314.0,241.8,49.3,0,,
24207213055,2026-09-02,running,fartlek,16,16,5.47,136.0,320.0,242.8,49.9,0,,
24207213055,2026-09-02,running,fartlek,17,17,5.44,144.0,328.0,241.9,49.5,0,,
24207213055,2026-09-02,running,fartlek,18,18,5.52,147.0,317.0,244.2,49.6,0,,
24207213055,2026-09-02,running,fartlek,19,19,5.52,146.0,315.0,243.6,49.7,0,,
24207213055,2026-09-02,running,fartlek,20,20,5.58,148.0,319.0,245.3,49.7,0,,
24207213055,2026-09-02,running,fartlek,21,21,5.59,147.0,308.0,244.2,49.5,0,,
24207213055,2026-09-02,running,fartlek,22,22,5.67,148.0,310.0,245.8,49.6,0,,
24207213055,2026-09-02,running,fartlek,23,23,5.71,149.0,307.0,245.2,49.6,0,,
24207213055,2026-09-02,running,fartlek,24,24,5.26,149.0,335.0,242.3,49.7,0,,
24207213055,2026-09-02,running,fartlek,25,25,5.23,159.0,341.0,241.8,49.5,0,,
24207213055,2026-09-02,running,fartlek,26,26,5.08,163.0,341.0,240.7,49.6,0,,
24207213055,2026-09-02,running,fartlek,27,27,4.85,166.0,359.0,236.8,49.5,0,,
24207213055,2026-09-02,running,fartlek,28,28,4.79,170.0,365.0,234.3,49.3,0,,
24207213055,2026-09-02,running,fartlek,29,29,4.64,174.0,368.0,232.1,49.5,0,,
24207213055,2026-09-02,running,fartlek,30,30,4.48,178.0,387.0,229.8,49.0,0,,
24207213055,2026-09-02,running,fartlek,31,31,3.58,180.0,395.0,235.0,48.6,0,,
24188499823,2026-09-01,running,steady,1,1,5.11,133.0,344.0,239.4,50.0,0,,
24188499823,2026-09-01,running,steady,2,2,5.35,139.0,317.0,240.4,49.9,0,,
24188499823,2026-09-01,running,steady,3,3,5.42,141.0,322.0,241.1,50.1,0,,
24188499823,2026-09-01,running,steady,4,4,5.5,142.0,312.0,241.7,49.9,0,,
24188499823,2026-09-01,running,steady,5,5,5.59,142.0,314.0,241.2,50.0,0,,
24188499823,2026-09-01,running,steady,6,6,5.59,143.0,313.0,240.0,49.9,0,,
24188499823,2026-09-01,running,steady,7,7,5.71,144.0,310.0,241.8,50.1,0,,
24188499823,2026-09-01,running,steady,8,8,4.66,145.0,306.0,246.0,50.2,0,,
24180227561,2026-08-31,treadmill_running,steady,1,1,5.56,141.0,287.0,245.9,50,0,,
24180227561,2026-08-31,treadmill_running,steady,2,2,5.5,156.0,292.0,245.4,50,0,,
24180227561,2026-08-31,treadmill_running,steady,3,3,5.32,171.0,304.0,241.3,50,0,,
24180073949,2026-08-31,treadmill_running,steady,1,1,4.47,121.0,369.0,233.0,50,0,,
24180073949,2026-08-31,treadmill_running,steady,2,2,4.16,127.0,396.0,231.0,50,0,,
24180073949,2026-08-31,treadmill_running,steady,3,3,4.17,128.0,393.0,230.8,50,0,,
24156239957,2026-08-29,running,steady,1,1,5.02,137.0,333.0,240.7,50.2,0,,
24156239957,2026-08-29,running,steady,2,2,5.62,143.0,323.0,243.8,49.9,0,,
24156239957,2026-08-29,running,steady,3,3,5.78,144.0,310.0,246.0,50.1,0,,
24156239957,2026-08-29,running,steady,4,4,5.79,144.0,304.0,244.5,50.1,0,,
24156239957,2026-08-29,running,steady,5,5,5.83,142.0,311.0,244.4,50.1,0,,
24156239957,2026-08-29,running,steady,6,6,5.75,143.0,299.0,244.4,50.1,0,,
24156239957,2026-08-29,running,steady,7,7,5.79,144.0,302.0,243.4,50.0,0,,
24156239957,2026-08-29,running,steady,8,8,5.84,144.0,302.0,244.0,50.1,0,,
24156239957,2026-08-29,running,steady,9,9,5.84,144.0,303.0,243.0,50.1,0,,
24156239957,2026-08-29,running,steady,10,10,4.65,145.0,320.0,245.5,50.1,0,,
24153577764,2026-08-29,running,steady,1,1,5.17,135.0,321.0,243.9,50.1,0,,
24153577764,2026-08-29,running,steady,2,2,5.5,141.0,313.0,242.3,50.0,0,,
24153577764,2026-08-29,running,steady,3,3,5.58,143.0,306.0,243.7,49.9,0,,
24153577764,2026-08-29,running,steady,4,4,5.63,142.0,304.0,244.7,50.0,0,,
24153577764,2026-08-29,running,steady,5,5,5.67,143.0,308.0,246.1,50.1,0,,
24153577764,2026-08-29,running,steady,6,6,5.63,142.0,304.0,244.1,50.2,0,,
24153577764,2026-08-29,running,steady,7,7,5.59,144.0,304.0,243.8,50.1,0,,
24153577764,2026-08-29,running,steady,8,8,5.63,144.0,305.0,244.4,50.1,0,,
24153577764,2026-08-29,running,steady,9,9,5.67,144.0,305.0,245.1,50.2,0,,
24153577764,2026-08-29,running,steady,10,10,5.93,146.0,319.0,250.5,50.7,0,,
24120388478,2026-08-26,running,fartlek,1,1,4.89,130.0,325.0,247.0,49.7,0,,
24120388478,2026-08-26,running,fartlek,2,2,5.38,138.0,340.0,249.2,50.2,0,,
24120388478,2026-08-26,running,fartlek,3,3,5.44,139.0,329.0,247.5,50.1,0,,
24120388478,2026-08-26,running,fartlek,4,4,5.52,139.0,317.0,247.2,50.0,0,,
24120388478,2026-08-26,running,fartlek,5,5,5.66,140.0,319.0,247.1,50.0,0,,
24120388478,2026-08-26,running,fartlek,6,6,5.55,142.0,309.0,247.0,49.8,0,,
24120388478,2026-08-26,running,fartlek,7,7,5.62,143.0,314.0,246.8,49.8,0,,
24120388478,2026-08-26,running,fartlek,8,8,5.63,143.0,314.0,247.0,49.7,0,,
24120388478,2026-08-26,running,fartlek,9,9,5.65,137.0,318.0,248.5,49.8,0,,
24120388478,2026-08-26,running,fartlek,10,10,5.67,138.0,317.0,247.8,49.7,0,,
24120388478,2026-08-26,running,fartlek,11,11,5.7,138.0,311.0,247.5,49.7,0,,
24120388478,2026-08-26,running,fartlek,12,12,5.73,139.0,317.0,248.1,49.6,0,,
24120388478,2026-08-26,running,fartlek,13,13,5.66,140.0,307.0,248.4,49.7,0,,
24120388478,2026-08-26,running,fartlek,14,14,5.57,141.0,314.0,245.9,49.6,0,,
24120388478,2026-08-26,running,fartlek,15,15,5.69,143.0,313.0,246.1,49.7,0,,
24120388478,2026-08-26,running,fartlek,16,16,5.66,144.0,320.0,247.7,49.6,0,,
24120388478,2026-08-26,running,fartlek,17,17,5.55,140.0,316.0,247.0,49.8,0,,
24120388478,2026-08-26,running,fartlek,18,18,5.71,143.0,310.0,248.8,49.7,0,,
24120388478,2026-08-26,running,fartlek,19,19,5.74,145.0,316.0,248.3,49.9,0,,
24120388478,2026-08-26,running,fartlek,20,20,5.77,146.0,303.0,249.0,50.0,0,,
24120388478,2026-08-26,running,fartlek,21,21,5.8,146.0,301.0,249.2,50.1,0,,
24120388478,2026-08-26,running,fartlek,22,22,5.79,147.0,307.0,248.0,50.0,0,,
24120388478,2026-08-26,running,fartlek,23,23,5.86,148.0,309.0,249.3,50.0,0,,
24120388478,2026-08-26,running,fartlek,24,24,5.79,147.0,305.0,249.0,50.1,0,,
24120388478,2026-08-26,running,fartlek,25,25,5.82,147.0,303.0,249.0,50.0,0,,
24120388478,2026-08-26,running,fartlek,26,26,3.3,147.0,285.0,251.0,50.4,0,,
24106348060,2026-08-25,running,fartlek,1,1,4.85,131.0,339.0,246.1,50.5,0,,
24106348060,2026-08-25,running,fartlek,2,2,5.27,139.0,335.0,246.9,49.9,0,,
24106348060,2026-08-25,running,fartlek,3,3,5.36,142.0,323.0,248.7,49.8,0,,
24106348060,2026-08-25,running,fartlek,4,4,5.47,143.0,323.0,249.1,49.5,0,,
24106348060,2026-08-25,running,fartlek,5,5,5.48,143.0,319.0,249.9,49.7,0,,
24106348060,2026-08-25,running,fartlek,6,6,5.51,143.0,312.0,248.6,49.5,0,,
24106348060,2026-08-25,running,fartlek,7,7,5.57,143.0,314.0,248.8,49.6,0,,
24106348060,2026-08-25,running,fartlek,8,8,5.89,144.0,319.0,251.4,49.8,0,,
24106348060,2026-08-25,running,fartlek,9,9,4.35,141.0,280.0,260.0,49.7,0,,
24080780274,2026-08-23,running,steady,1,1,5.17,134.0,327.0,245.5,50.7,0,,
24080780274,2026-08-23,running,steady,2,2,5.39,141.0,322.0,243.6,50.6,0,,
24080780274,2026-08-23,running,steady,3,3,5.32,143.0,319.0,241.2,50.5,0,,
24080780274,2026-08-23,running,steady,4,4,5.4,143.0,319.0,242.1,50.5,0,,
24080780274,2026-08-23,running,steady,5,5,5.42,143.0,330.0,242.1,50.4,0,,
24080780274,2026-08-23,running,steady,6,6,5.48,146.0,336.0,253.0,50.6,0,,
24078195210,2026-08-23,running,steady,1,1,5.05,131.0,334.0,236.4,50.4,0,,
24078195210,2026-08-23,running,steady,2,2,5.36,141.0,320.0,237.0,50.0,0,,
24078195210,2026-08-23,running,steady,3,3,5.38,143.0,321.0,237.3,49.9,0,,
24078195210,2026-08-23,running,steady,4,4,5.44,144.0,318.0,237.1,49.8,0,,
24078195210,2026-08-23,running,steady,5,5,5.66,144.0,314.0,238.0,49.8,0,,
24078195210,2026-08-23,running,steady,6,6,4.45,146.0,287.0,244.5,50.1,0,,
24068410730,2026-08-22,running,steady,1,1,5.17,126.0,315.0,244.2,50.4,0,,
24068410730,2026-08-22,running,steady,2,2,5.49,142.0,326.0,242.8,50.4,0,,
24068410730,2026-08-22,running,steady,3,3,5.54,145.0,317.0,242.6,50.4,0,,
24068410730,2026-08-22,running,steady,4,4,5.54,145.0,317.0,242.0,50.4,0,,
24068410730,2026-08-22,running,steady,5,5,5.52,145.0,312.0,242.4,50.2,0,,
24068410730,2026-08-22,running,steady,6,6,5.55,143.0,309.0,241.1,50.0,0,,
24068410730,2026-08-22,running,steady,7,7,5.67,144.0,311.0,242.4,50.3,0,,
24068410730,2026-08-22,running,steady,8,8,5.74,145.0,313.0,243.8,50.2,0,,
24068410730,2026-08-22,running,steady,9,9,5.8,144.0,312.0,250.0,50.5,0,,
24066055827,2026-08-22,running,steady,1,1,5.18,133.0,331.0,241.6,49.9,0,,
24066055827,2026-08-22,running,steady,2,2,5.55,138.0,317.0,244.9,50.1,0,,
24066055827,2026-08-22,running,steady,3,3,5.61,140.0,312.0,245.6,50.2,0,,
24066055827,2026-08-22,running,steady,4,4,5.6,137.0,316.0,247.6,50.3,0,,
24066055827,2026-08-22,running,steady,5,5,5.68,142.0,315.0,245.0,50.0,0,,
24066055827,2026-08-22,running,steady,6,6,5.65,142.0,308.0,243.6,49.8,0,,
24066055827,2026-08-22,running,steady,7,7,5.65,141.0,312.0,244.0,50.1,0,,
24066055827,2026-08-22,running,steady,8,8,5.57,142.0,315.0,242.3,49.8,0,,
24066055827,2026-08-22,running,steady,9,9,5.72,142.0,311.0,243.2,49.8,0,,
24066055827,2026-08-22,running,steady,10,10,5.71,143.0,313.0,243.1,49.8,0,,
24066055827,2026-08-22,running,steady,11,11,5.86,144.0,309.0,244.3,49.9,0,,
24066055827,2026-08-22,running,steady,12,12,4.6,147.0,338.0,253.5,49.9,0,,
24057530851,2026-08-21,running,fartlek,1,1,5.09,127.0,341.0,247.6,50.4,0,,
24057530851,2026-08-21,running,fartlek,2,2,5.4,138.0,329.0,249.3,50.2,0,,
24057530851,2026-08-21,running,fartlek,3,3,5.37,141.0,326.0,248.5,50.1,0,,
24057530851,2026-08-21,running,fartlek,4,4,5.47,141.0,324.0,250.3,50.1,0,,
24057530851,2026-08-21,running,fartlek,5,5,5.39,142.0,329.0,249.5,50.2,0,,
24057530851,2026-08-21,running,fartlek,6,6,5.44,140.0,319.0,249.2,50.1,0,,
24057530851,2026-08-21,running,fartlek,7,7,5.6,139.0,322.0,249.9,50.2,0,,
24057530851,2026-08-21,running,fartlek,8,8,4.05,138.0,312.0,251.5,50.3,0,,
24053519097,2026-08-21,running,steady,1,1,5.31,135.0,323.0,244.6,49.9,0,,
24053519097,2026-08-21,running,steady,2,2,5.5,143.0,312.0,246.2,49.9,0,,
24053519097,2026-08-21,running,steady,3,3,5.58,143.0,311.0,249.2,49.7,0,,
24053519097,2026-08-21,running,steady,4,4,5.69,143.0,307.0,249.1,49.7,0,,
24053519097,2026-08-21,running,steady,5,5,5.7,144.0,314.0,248.7,49.6,0,,
24053519097,2026-08-21,running,steady,6,6,5.71,143.0,306.0,248.0,49.6,0,,
24053519097,2026-08-21,running,steady,7,7,5.7,145.0,310.0,246.8,49.7,0,,
24053519097,2026-08-21,running,steady,8,8,5.8,145.0,304.0,247.5,49.8,0,,
24053519097,2026-08-21,running,steady,9,9,5.98,146.0,304.0,250.2,50.0,0,,
24053519097,2026-08-21,running,steady,10,10,4.31,146.0,282.0,252.0,49.8,0,,
24044595892,2026-08-20,running,fartlek,1,1,5.11,134.0,342.0,245.7,49.5,0,,
24044595892,2026-08-20,running,fartlek,2,2,5.56,142.0,321.0,248.7,49.4,0,,
24044595892,2026-08-20,running,fartlek,3,3,5.62,143.0,316.0,248.7,49.7,0,,
24044595892,2026-08-20,running,fartlek,4,4,5.66,144.0,316.0,247.8,49.8,0,,
24044595892,2026-08-20,running,fartlek,5,5,5.72,146.0,314.0,248.4,49.8,0,,
24044595892,2026-08-20,running,fartlek,6,6,4.15,146.0,318.0,258.0,50.6,0,,
23966722081,2026-08-14,running,fartlek,1,1,5.16,128.0,329.0,243.6,50.3,0,,
23966722081,2026-08-14,running,fartlek,2,2,5.47,140.0,306.0,244.8,49.8,0,,
23966722081,2026-08-14,running,fartlek,3,3,5.46,143.0,309.0,244.9,49.8,0,,
23966722081,2026-08-14,running,fartlek,4,4,5.39,140.0,316.0,244.8,50.2,0,,
23966722081,2026-08-14,running,fartlek,5,5,5.49,144.0,316.0,244.9,50.3,0,,
23966722081,2026-08-14,running,fartlek,6,6,5.57,143.0,303.0,244.3,50.2,0,,
23966722081,2026-08-14,running,fartlek,7,7,5.78,145.0,307.0,246.0,50.3,0,,
23966722081,2026-08-14,running,fartlek,8,8,3.6,144.0,289.0,247.0,50.2,0,,
23946353502,2026-08-12,running,steady,1,1,5.01,131.0,322.0,244.6,49.9,0,,
23946353502,2026-08-12,running,steady,2,2,5.3,138.0,333.0,248.7,50.2,0,,
23946353502,2026-08-12,running,steady,3,3,5.4,139.0,321.0,248.4,50.1,0,,
23946353502,2026-08-12,running,steady,4,4,5.52,141.0,318.0,249.2,50.2,0,,
23946353502,2026-08-12,running,steady,5,5,5.48,143.0,315.0,249.9,50.0,0,,
23946353502,2026-08-12,running,steady,6,6,5.54,142.0,310.0,251.8,50.1,0,,
23946353502,2026-08-12,running,steady,7,7,5.61,142.0,315.0,251.9,50.0,0,,
23946353502,2026-08-12,running,steady,8,8,5.51,141.0,319.0,251.7,49.8,0,,
23946353502,2026-08-12,running,steady,9,9,5.56,139.0,317.0,251.4,50.0,0,,
23946353502,2026-08-12,running,steady,10,10,5.52,142.0,312.0,251.9,49.9,0,,
23946353502,2026-08-12,running,steady,11,11,5.62,144.0,319.0,253.5,49.9,0,,
23946353502,2026-08-12,running,steady,12,12,5.56,144.0,310.0,253.3,49.9,0,,
23946353502,2026-08-12,running,steady,13,13,5.61,144.0,312.0,253.7,49.7,0,,
23946353502,2026-08-12,running,steady,14,14,5.67,144.0,313.0,254.2,49.8,0,,
23946353502,2026-08-12,running,steady,15,15,5.7,146.0,314.0,253.3,50.0,0,,
23946353502,2026-08-12,running,steady,16,16,5.61,145.0,305.0,253.0,50.0,0,,
23946353502,2026-08-12,running,steady,17,17,5.63,141.0,307.0,254.3,50.5,0,,
23946353502,2026-08-12,running,steady,18,18,5.55,144.0,320.0,250.8,50.5,0,,
23946353502,2026-08-12,running,steady,19,19,5.61,145.0,311.0,253.3,50.4,0,,
23946353502,2026-08-12,running,steady,20,20,5.73,146.0,308.0,253.8,50.3,0,,
23946353502,2026-08-12,running,steady,21,21,4.75,162.0,369.0,241.8,50.3,0,,
23946353502,2026-08-12,running,steady,22,22,4.72,168.0,373.0,239.5,50.1,0,,
23946353502,2026-08-12,running,steady,23,23,4.61,172.0,372.0,236.0,50.3,0,,
23946353502,2026-08-12,running,steady,24,24,4.4,177.0,398.0,232.0,50.3,0,,
23946353502,2026-08-12,running,steady,25,25,4.32,178.0,401.0,232.9,50.7,0,,
23927879233,2026-08-11,running,steady,1,1,5.13,122.0,320.0,242.2,49.5,0,,
23927879233,2026-08-11,running,steady,2,2,5.49,135.0,315.0,246.7,49.4,0,,
23927879233,2026-08-11,running,steady,3,3,5.42,140.0,313.0,246.5,49.6,0,,
23927879233,2026-08-11,running,steady,4,4,5.51,140.0,312.0,246.3,49.7,0,,
23927879233,2026-08-11,running,steady,5,5,5.44,141.0,321.0,245.4,49.9,0,,
23927879233,2026-08-11,running,steady,6,6,5.41,142.0,314.0,243.9,49.9,0,,
23927879233,2026-08-11,running,steady,7,7,5.52,143.0,312.0,243.7,49.9,0,,
23927879233,2026-08-11,running,steady,8,8,5.51,133.0,314.0,243.2,50.0,0,,
23927879233,2026-08-11,running,steady,9,9,5.5,146.0,313.0,242.6,50.0,0,,
23927879233,2026-08-11,running,steady,10,10,5.51,147.0,309.0,241.9,50.0,0,,
23927879233,2026-08-11,running,steady,11,11,4.35,161.0,428.0,223.8,48.9,0,,
23919485676,2026-08-10,treadmill_running,steady,1,1,5.63,151.0,288.0,246.9,50,0,,
23919485676,2026-08-10,treadmill_running,steady,2,2,5.42,162.0,297.0,245.3,50,0,,
23919485676,2026-08-10,treadmill_running,steady,3,3,5.72,161.0,280.0,246.8,50,0,,
23919277882,2026-08-10,treadmill_running,steady,1,1,6.3,119.0,264.0,266.6,50,0,,
23919277882,2026-08-10,treadmill_running,steady,2,2,5.98,127.0,273.0,264.1,50,0,,
23919277882,2026-08-10,treadmill_running,steady,3,3,6.08,129.0,269.0,265.0,50,0,,
23919277882,2026-08-10,treadmill_running,steady,4,4,6.02,130.0,274.0,266.0,50,0,,
23919277882,2026-08-10,treadmill_running,steady,5,5,6.01,131.0,276.0,266.6,50,0,,
23870964354,2026-08-06,running,fartlek,1,1,5.26,126.0,313.0,247.0,50.7,0,,
23870964354,2026-08-06,running,fartlek,2,2,5.53,141.0,316.0,246.7,50.1,0,,
23870964354,2026-08-06,running,fartlek,3,3,5.52,142.0,312.0,246.4,50.1,0,,
23870964354,2026-08-06,running,fartlek,4,4,5.6,144.0,317.0,246.1,50.0,0,,
23870964354,2026-08-06,running,fartlek,5,5,5.53,146.0,312.0,246.1,50.0,0,,
23870964354,2026-08-06,running,fartlek,6,6,5.59,145.0,312.0,246.1,49.9,0,,
23870964354,2026-08-06,running,fartlek,7,7,5.69,145.0,307.0,246.4,50.0,0,,
23870964354,2026-08-06,running,fartlek,8,8,5.66,146.0,311.0,246.9,50.0,0,,
23870964354,2026-08-06,running,fartlek,9,9,3.9,147.0,284.0,249.5,50.3,0,,
23858238911,2026-08-05,treadmill_running,steady,1,1,6.15,116.0,269.0,260.5,50,0,,
23858238911,2026-08-05,treadmill_running,steady,2,2,6.01,119.0,270.0,258.7,50,0,,
23858238911,2026-08-05,treadmill_running,steady,3,3,5.87,121.0,279.0,258.7,50,0,,
23858238911,2026-08-05,treadmill_running,steady,4,4,5.81,122.0,282.0,257.8,50,0,,
23858238911,2026-08-05,treadmill_running,steady,5,5,5.75,124.0,284.0,257.0,50,0,,
23858238911,2026-08-05,treadmill_running,steady,6,6,5.8,125.0,282.0,257.8,50,0,,
23858238911,2026-08-05,treadmill_running,steady,7,7,5.81,127.0,282.0,257.8,50,0,,
23858238911,2026-08-05,treadmill_running,steady,8,8,5.69,127.0,284.0,257.1,50,0,,
